{
    "Dep. Variable": "np.log(HPI)",
    "Model": "OLS",
    "Method": "Least Squares",
    "Date": "2025-09-25",
    "Time": "15:14:34",
    "N": 8494,
    "Df Residuals": 8470,
    "Df Model": 23,
    "Covariance Type": "cluster",
    "R-squared": 0.34115722132777626,
    "Adj. R-squared": 0.33936815593114567,
    "F-statistic": 194.89894479237185,
    "Prob (F-statistic)": 0.0,
    "Log-Likelihood": -6282.329425826863,
    "AIC": 12612.658851653727,
    "BIC": 12781.789619114685,
    "Coefficients": {
        "Intercept": {
            "value": 5.133172819967774,
            "std_err": 0.06428564081964497,
            "conf_int_low": 5.007175279238192,
            "conf_int_high": 5.259170360697356
        },
        "C(Year)[T.2013]": {
            "value": 0.012702162866315751,
            "std_err": 0.04030832316942208,
            "conf_int_low": -0.06630069882295292,
            "conf_int_high": 0.09170502455558444
        },
        "C(Year)[T.2014]": {
            "value": 0.02216597786084245,
            "std_err": 0.05523855886070871,
            "conf_int_low": -0.08609960806404252,
            "conf_int_high": 0.1304315637857274
        },
        "C(Year)[T.2015]": {
            "value": -0.040342788445991415,
            "std_err": 0.06367952758829075,
            "conf_int_low": -0.16515236907156605,
            "conf_int_high": 0.08446679217958322
        },
        "C(Year)[T.2016]": {
            "value": -0.08006092193004798,
            "std_err": 0.07018718263704506,
            "conf_int_low": -0.21762527207499133,
            "conf_int_high": 0.05750342821489536
        },
        "C(Year)[T.2017]": {
            "value": -0.16366500712689422,
            "std_err": 0.08032573071955072,
            "conf_int_low": -0.32110054636907626,
            "conf_int_high": -0.006229467884712153
        },
        "C(Year)[T.2018]": {
            "value": -0.24751062716198002,
            "std_err": 0.09043212988393774,
            "conf_int_low": -0.42475434477974633,
            "conf_int_high": -0.07026690954421372
        },
        "C(Year)[T.2019]": {
            "value": -0.292416897002747,
            "std_err": 0.10005689540207693,
            "conf_int_low": -0.4885248083957091,
            "conf_int_high": -0.09630898560978485
        },
        "C(Year)[T.2020]": {
            "value": -0.32566504383912204,
            "std_err": 0.10917822832699338,
            "conf_int_low": -0.5396504392559198,
            "conf_int_high": -0.1116796484223243
        },
        "C(Year)[T.2021]": {
            "value": -0.370547344043558,
            "std_err": 0.12158091991737126,
            "conf_int_low": -0.6088415682888542,
            "conf_int_high": -0.1322531197982618
        },
        "C(Year)[T.2022]": {
            "value": -0.4125929291441843,
            "std_err": 0.13940652805965956,
            "conf_int_low": -0.6858247033508895,
            "conf_int_high": -0.13936115493747908
        },
        "tm_4": {
            "value": 0.008786259675268668,
            "std_err": 0.015819050673152535,
            "conf_int_low": -0.0222185099137244,
            "conf_int_high": 0.039791029264261736
        },
        "tm_3": {
            "value": 0.004754153744618919,
            "std_err": 0.026733158971394718,
            "conf_int_low": -0.04764187503229857,
            "conf_int_high": 0.057150182521536405
        },
        "tm_2": {
            "value": 0.006031226442936081,
            "std_err": 0.0371871385715012,
            "conf_int_low": -0.06685422584530655,
            "conf_int_high": 0.0789166787311787
        },
        "tm_1": {
            "value": 0.008180792440363476,
            "std_err": 0.04769786087595774,
            "conf_int_low": -0.0853052970161158,
            "conf_int_high": 0.10166688189684275
        },
        "t0": {
            "value": 0.010349112815597803,
            "std_err": 0.05840634463862507,
            "conf_int_low": -0.1041252191447414,
            "conf_int_high": 0.12482344477593701
        },
        "t1": {
            "value": 0.017115519867146232,
            "std_err": 0.06918133943803093,
            "conf_int_low": -0.11847741383363483,
            "conf_int_high": 0.1527084535679273
        },
        "t2": {
            "value": 0.007568053744339276,
            "std_err": 0.08057714381475832,
            "conf_int_low": -0.15036024610969143,
            "conf_int_high": 0.16549635359836998
        },
        "t3": {
            "value": 0.048218996761370814,
            "std_err": 0.0916474954434919,
            "conf_int_low": -0.13140679358117202,
            "conf_int_high": 0.22784478710391365
        },
        "t4": {
            "value": 0.023910189245435087,
            "std_err": 0.1049045508626669,
            "conf_int_low": -0.18169895225974228,
            "conf_int_high": 0.22951933075061245
        },
        "t5": {
            "value": 0.07838872499238399,
            "std_err": 0.1257453604465691,
            "conf_int_low": -0.16806765270589885,
            "conf_int_high": 0.32484510269066685
        },
        "PC_AGI": {
            "value": 5.198376425240164e-06,
            "std_err": 7.491655628801251e-07,
            "conf_int_low": 3.7300389035374416e-06,
            "conf_int_high": 6.666713946942886e-06
        },
        "prev_2yr_avg_hpi_change": {
            "value": 1.2409851666817127,
            "std_err": 0.12475448827232785,
            "conf_int_low": 0.9964708627582255,
            "conf_int_high": 1.4854994706051998
        },
        "prev_5yr_avg_hpi_change": {
            "value": 1.4058754378519593,
            "std_err": 0.08817153145659584,
            "conf_int_low": 1.233062411735291,
            "conf_int_high": 1.5786884639686276
        }
    }
}