{
    "Dep. Variable": "np.log(HPI)",
    "Model": "OLS",
    "Method": "Least Squares",
    "Date": "2025-09-11",
    "Time": "15:05:42",
    "N": 8803,
    "Df Residuals": 8779,
    "Df Model": 23,
    "Covariance Type": "cluster",
    "R-squared": 0.28825661005782055,
    "Adj. R-squared": 0.28639192182810536,
    "F-statistic": 420.41540307902847,
    "Prob (F-statistic)": 0.0,
    "Log-Likelihood": -6181.167361241366,
    "AIC": 12410.334722482732,
    "BIC": 12580.323070917793,
    "Coefficients": {
        "Intercept": {
            "value": 5.297594947033396,
            "std_err": 0.05920557356617755,
            "conf_int_low": 5.181554155159652,
            "conf_int_high": 5.41363573890714
        },
        "C(Year)[T.2013]": {
            "value": -0.01671929331507866,
            "std_err": 0.03689250817180573,
            "conf_int_low": -0.08902728063116752,
            "conf_int_high": 0.05558869400101019
        },
        "C(Year)[T.2014]": {
            "value": -0.06897033844914399,
            "std_err": 0.0487064138377307,
            "conf_int_low": -0.1644331553871995,
            "conf_int_high": 0.026492478488911494
        },
        "C(Year)[T.2015]": {
            "value": -0.1377510454718527,
            "std_err": 0.05766201400368998,
            "conf_int_low": -0.25076651619512935,
            "conf_int_high": -0.0247355747485761
        },
        "C(Year)[T.2016]": {
            "value": -0.18720863039528066,
            "std_err": 0.06429268523804321,
            "conf_int_low": -0.31321997793121537,
            "conf_int_high": -0.061197282859345975
        },
        "C(Year)[T.2017]": {
            "value": -0.26662764006329914,
            "std_err": 0.07563741234496202,
            "conf_int_low": -0.41487424414323,
            "conf_int_high": -0.1183810359833683
        },
        "C(Year)[T.2018]": {
            "value": -0.34847808189042717,
            "std_err": 0.08691464972062915,
            "conf_int_low": -0.5188276650717746,
            "conf_int_high": -0.17812849870907976
        },
        "C(Year)[T.2019]": {
            "value": -0.39619530633327565,
            "std_err": 0.09716554793686348,
            "conf_int_low": -0.5866362808276282,
            "conf_int_high": -0.20575433183892308
        },
        "C(Year)[T.2020]": {
            "value": -0.4186048532243961,
            "std_err": 0.10619672025514797,
            "conf_int_low": -0.6267466002007613,
            "conf_int_high": -0.21046310624803083
        },
        "C(Year)[T.2021]": {
            "value": -0.450068515646047,
            "std_err": 0.1190762334760222,
            "conf_int_low": -0.6834536446737333,
            "conf_int_high": -0.21668338661836076
        },
        "C(Year)[T.2022]": {
            "value": -0.48025567914125067,
            "std_err": 0.1381017934875798,
            "conf_int_low": -0.7509302205772953,
            "conf_int_high": -0.20958113770520603
        },
        "tm_4": {
            "value": 0.0361957151235425,
            "std_err": 0.013706219533399967,
            "conf_int_low": 0.00933201847387918,
            "conf_int_high": 0.06305941177320581
        },
        "tm_3": {
            "value": 0.06670834719769583,
            "std_err": 0.024082025236350776,
            "conf_int_low": 0.019508445059663627,
            "conf_int_high": 0.11390824933572805
        },
        "tm_2": {
            "value": 0.10140559484770031,
            "std_err": 0.0339863359084494,
            "conf_int_low": 0.03479360050065912,
            "conf_int_high": 0.16801758919474152
        },
        "tm_1": {
            "value": 0.12123136394875454,
            "std_err": 0.044335755193497604,
            "conf_int_low": 0.03433488054211459,
            "conf_int_high": 0.2081278473553945
        },
        "t0": {
            "value": 0.1503526370873899,
            "std_err": 0.054731098484890814,
            "conf_int_low": 0.0430816552226892,
            "conf_int_high": 0.2576236189520906
        },
        "t1": {
            "value": 0.1699899949806019,
            "std_err": 0.06546745068599567,
            "conf_int_low": 0.04167614947639833,
            "conf_int_high": 0.2983038404848055
        },
        "t2": {
            "value": 0.18720295904971057,
            "std_err": 0.07581286158881403,
            "conf_int_low": 0.038612480770714996,
            "conf_int_high": 0.33579343732870615
        },
        "t3": {
            "value": 0.2050944658697917,
            "std_err": 0.08701739169807875,
            "conf_int_low": 0.034543512112942654,
            "conf_int_high": 0.3756454196266407
        },
        "t4": {
            "value": 0.24286412798293916,
            "std_err": 0.10033311982386654,
            "conf_int_low": 0.046214826671619,
            "conf_int_high": 0.4395134292942593
        },
        "t5": {
            "value": 0.32989776937038506,
            "std_err": 0.11907388223230095,
            "conf_int_low": 0.09651724869571135,
            "conf_int_high": 0.5632782900450588
        },
        "PC_AGI": {
            "value": 4.936943606620393e-06,
            "std_err": 7.161749526815808e-07,
            "conf_int_low": 3.5332664927348177e-06,
            "conf_int_high": 6.340620720505969e-06
        },
        "prev_2yr_avg_hpi_change": {
            "value": 0.9681752923662278,
            "std_err": 0.13628609925242788,
            "conf_int_low": 0.701059446238018,
            "conf_int_high": 1.2352911384944376
        },
        "prev_5yr_avg_hpi_change": {
            "value": 1.017269003917095,
            "std_err": 0.07386964005869638,
            "conf_int_low": 0.872487169851113,
            "conf_int_high": 1.1620508379830772
        }
    }
}